<?xml version="1.0" encoding="UTF-8"?>
<!--  level: debug < info <warn <error -->
<configuration>
	<appender name="console" class="ch.qos.logback.core.ConsoleAppender">
		<encoder>
			<Pattern>%d{HH:mm:ss} %-5level [%logger{36}] - %msg%n</Pattern>
		</encoder>
	</appender>
	<!--  내가 만든 클래스에 대한 로깅 설정 -->
	<logger name="com.icia" level="info" />
	<!--  3rd party 로깅 설정 -->
	<logger name="org.springframework" level="info" />
	<!--  log4jdbc 로깅 설정 -->
	<logger name="jdbc.resultsettable" level="info"/>
	<logger name="jdbc.audit" level="warn"/>
	<logger name="jdbc.sqltiming" level="warn"/>
	<logger name="jdbc.resultset" level="warn"/>
	<logger name="jdbc.connection" level="warn"/>
	<root level="info">
		<appender-ref ref="console" />
	</root>
</configuration>