<?xml version="1.0" encoding="UTF-8"?>
<!DOCTYPE mapper PUBLIC "-//mybatis.org//DTD Mapper 3.0//EN" "http://mybatis.org/dtd/mybatis-3-mapper.dtd">
<mapper namespace="trainingDao">
	
	<resultMap type="training" id="training">
		<result column="TRAINING_IDX" 			property="trainingIdx"/>
		<result column="USER_IDX" 				property="userIdx"/>
		<result column="TRAINING_NAME" 			property="trainingName"/>
		<result column="TRAINING_STARTDATE" 	property="trainingStartdate"/>
		<result column="TRAINING_ENDDATE" 		property="trainingEnddate"/>
		<result column="TRAINING_AGENCY"		property="trainingAgency"/>
	</resultMap>
	
	<insert id="insert" useGeneratedKeys="true" keyProperty="trainingIdx" parameterType="hashmap">
		<selectKey keyProperty="trainingIdx" resultType="Integer" order="BEFORE">
			select user_info_training_seq.nextval from dual
		</selectKey>
		insert into 
			user_info_${tbName}
		(
			TRAINING_IDX
			,USER_IDX
			,TRAINING_NAME
			,TRAINING_STARTDATE
			,TRAINING_ENDDATE
			,TRAINING_AGENCY
		)	
		values
		(
			#{trainingIdx}
			,#{userIdx}
			,#{trainingName}
			,#{trainingStartdate}
			,#{trainingEnddate}
			,#{trainingAgency}
		)	
	</insert>
	
	<select id="list" resultMap="training">
		SELECT
			TRAINING_NAME
			,to_char(TRAINING_STARTDATE , 'yyyy-mm-dd') as trainingStartdate
			,to_char(TRAINING_ENDDATE   , 'yyyy-mm-dd') as trainingEnddate
			,TRAINING_AGENCY
		FROM
			user_info_training
		WHERE
			user_idx=#{intUserIdx}
	</select>
	
	<update id="updateUserTraining">
		UPDATE
		USER_INFO_TRAINING
		SET
			TRAINING_NAME 		 = #{trainingName}     
			,TRAINING_STARTDATE  = #{trainingStartdate}
			,TRAINING_ENDDATE 	 = #{trainingEnddate}  
			,TRAINING_AGENCY     = #{trainingAgency}    
		WHERE 						
			USER_IDX=#{userIdx}
	</update>
	
</mapper>