<?xml version="1.0" encoding="UTF-8"?>
<!DOCTYPE mapper PUBLIC "-//mybatis.org//DTD Mapper 3.0//EN" "http://mybatis.org/dtd/mybatis-3-mapper.dtd">
<mapper namespace="eduDao">
	
	<resultMap type="edu" id="edu">
		<result column="EDU_IDX" 			property="eduIdx"/>
		<result column="USER_IDX" 			property="userIdx"/>
		<result column="EDU_SCHOOL_NAME" 	property="eduSchoolName"/>
		<result column="EDU_STATUS" 		property="eduStatus"/>
		<result column="EDU_YEAR" 			property="eduYear"/>
		<result column="EDU_MONTH" 			property="eduMonth"/>
	</resultMap>
	
	<insert id="insert" useGeneratedKeys="true" keyProperty="eduIdx" parameterType="hashmap">
	
		<selectKey keyProperty="eduIdx" resultType="Integer" order="BEFORE">
			select user_info_edu_seq.nextval from dual
		</selectKey>
		
		insert into
		user_info_${tbName}
		(
			EDU_IDX
			,USER_IDX
			,EDU_SCHOOL_NAME
			,EDU_STATUS
			,EDU_YEAR
			,EDU_MONTH
		) 
		values
		(
			#{eduIdx}
			,#{userIdx}
			,#{eduSchoolName}
			,#{eduStatus}
			,#{eduYear}
			,#{eduMonth}
		)
	</insert>
	
	<select id="list" resultType="edu">
		SELECT
			EDU_SCHOOL_NAME as eduSchoolName
			,EDU_STATUS as eduStatus
			,EDU_YEAR as eduYear
			,EDU_MONTH as eduMonth
		FROM
			user_info_edu
		WHERE
			user_idx=#{intUserIdx}
	</select>
	
	<update id="updateUserEdu">
		UPDATE
		USER_INFO_EDU
		SET
			EDU_SCHOOL_NAME	= #{eduSchoolName}  
			,EDU_STATUS 	= #{eduStatus}  
			,EDU_YEAR		= #{eduYear}  
			,EDU_MONTH 		= #{eduMonth}	
		WHERE 
			USER_IDX=#{userIdx}
	</update>
</mapper>