{"name":"prac","classpathEntries":[{"kind":"binary","path":"C:\\Program Files\\Java\\jdk1.8.0_241\\jre\\lib\\resources.jar","javadocContainerUrl":"https://docs.oracle.com/javase/1/docs/api/","isSystem":true,"isOwn":false,"isTest":false,"isJavaContent":false},{"kind":"binary","path":"C:\\Program Files\\Java\\jdk1.8.0_241\\jre\\lib\\rt.jar","javadocContainerUrl":"https://docs.oracle.com/javase/1/docs/api/","isSystem":true,"isOwn":false,"isTest":false,"isJavaContent":false},{"kind":"binary","path":"C:\\Program Files\\Java\\jdk1.8.0_241\\jre\\lib\\jsse.jar","javadocContainerUrl":"https://docs.oracle.com/javase/1/docs/api/","isSystem":true,"isOwn":false,"isTest":false,"isJavaContent":false},{"kind":"binary","path":"C:\\Program Files\\Java\\jdk1.8.0_241\\jre\\lib\\jce.jar","javadocContainerUrl":"https://docs.oracle.com/javase/1/docs/api/","isSystem":true,"isOwn":false,"isTest":false,"isJavaContent":false},{"kind":"binary","path":"C:\\Program Files\\Java\\jdk1.8.0_241\\jre\\lib\\charsets.jar","javadocContainerUrl":"https://docs.oracle.com/javase/1/docs/api/","isSystem":true,"isOwn":false,"isTest":false,"isJavaContent":false},{"kind":"binary","path":"C:\\Program Files\\Java\\jdk1.8.0_241\\jre\\lib\\jfr.jar","javadocContainerUrl":"https://docs.oracle.com/javase/1/docs/api/","isSystem":true,"isOwn":false,"isTest":false,"isJavaContent":false},{"kind":"binary","path":"C:\\Users\\topiait\\.m2\\repository\\org\\apache\\poi\\poi\\3.17\\poi-3.17.jar","sourceContainerUrl":"file:/C:/Users/topiait/.m2/repository/org/apache/poi/poi/3.17/poi-3.17-sources.jar","javadocContainerUrl":"file:/C:/Users/topiait/.m2/repository/org/apache/poi/poi/3.17/poi-3.17-javadoc.jar","isSystem":false,"isOwn":false,"isTest":false,"isJavaContent":false},{"kind":"binary","path":"C:\\Users\\topiait\\.m2\\repository\\commons-codec\\commons-codec\\1.10\\commons-codec-1.10.jar","sourceContainerUrl":"file:/C:/Users/topiait/.m2/repository/commons-codec/commons-codec/1.10/commons-codec-1.10-sources.jar","javadocContainerUrl":"file:/C:/Users/topiait/.m2/repository/commons-codec/commons-codec/1.10/commons-codec-1.10-javadoc.jar","isSystem":false,"isOwn":false,"isTest":false,"isJavaContent":false},{"kind":"binary","path":"C:\\Users\\topiait\\.m2\\repository\\org\\apache\\commons\\commons-collections4\\4.1\\commons-collections4-4.1.jar","sourceContainerUrl":"file:/C:/Users/topiait/.m2/repository/org/apache/commons/commons-collections4/4.1/commons-collections4-4.1-sources.jar","javadocContainerUrl":"file:/C:/Users/topiait/.m2/repository/org/apache/commons/commons-collections4/4.1/commons-collections4-4.1-javadoc.jar","isSystem":false,"isOwn":false,"isTest":false,"isJavaContent":false},{"kind":"binary","path":"C:\\Users\\topiait\\.m2\\repository\\org\\springframework\\spring-context\\3.1.1.RELEASE\\spring-context-3.1.1.RELEASE.jar","sourceContainerUrl":"file:/C:/Users/topiait/.m2/repository/org/springframework/spring-context/3.1.1.RELEASE/spring-context-3.1.1.RELEASE-sources.jar","isSystem":false,"isOwn":false,"isTest":false,"isJavaContent":false},{"kind":"binary","path":"C:\\Users\\topiait\\.m2\\repository\\org\\springframework\\spring-aop\\3.1.1.RELEASE\\spring-aop-3.1.1.RELEASE.jar","sourceContainerUrl":"file:/C:/Users/topiait/.m2/repository/org/springframework/spring-aop/3.1.1.RELEASE/spring-aop-3.1.1.RELEASE-sources.jar","isSystem":false,"isOwn":false,"isTest":false,"isJavaContent":false},{"kind":"binary","path":"C:\\Users\\topiait\\.m2\\repository\\aopalliance\\aopalliance\\1.0\\aopalliance-1.0.jar","sourceContainerUrl":"file:/C:/Users/topiait/.m2/repository/aopalliance/aopalliance/1.0/aopalliance-1.0-sources.jar","isSystem":false,"isOwn":false,"isTest":false,"isJavaContent":false},{"kind":"binary","path":"C:\\Users\\topiait\\.m2\\repository\\org\\springframework\\spring-beans\\3.1.1.RELEASE\\spring-beans-3.1.1.RELEASE.jar","sourceContainerUrl":"file:/C:/Users/topiait/.m2/repository/org/springframework/spring-beans/3.1.1.RELEASE/spring-beans-3.1.1.RELEASE-sources.jar","isSystem":false,"isOwn":false,"isTest":false,"isJavaContent":false},{"kind":"binary","path":"C:\\Users\\topiait\\.m2\\repository\\org\\springframework\\spring-core\\3.1.1.RELEASE\\spring-core-3.1.1.RELEASE.jar","sourceContainerUrl":"file:/C:/Users/topiait/.m2/repository/org/springframework/spring-core/3.1.1.RELEASE/spring-core-3.1.1.RELEASE-sources.jar","isSystem":false,"isOwn":false,"isTest":false,"isJavaContent":false},{"kind":"binary","path":"C:\\Users\\topiait\\.m2\\repository\\org\\springframework\\spring-expression\\3.1.1.RELEASE\\spring-expression-3.1.1.RELEASE.jar","sourceContainerUrl":"file:/C:/Users/topiait/.m2/repository/org/springframework/spring-expression/3.1.1.RELEASE/spring-expression-3.1.1.RELEASE-sources.jar","isSystem":false,"isOwn":false,"isTest":false,"isJavaContent":false},{"kind":"binary","path":"C:\\Users\\topiait\\.m2\\repository\\org\\springframework\\spring-asm\\3.1.1.RELEASE\\spring-asm-3.1.1.RELEASE.jar","sourceContainerUrl":"file:/C:/Users/topiait/.m2/repository/org/springframework/spring-asm/3.1.1.RELEASE/spring-asm-3.1.1.RELEASE-sources.jar","isSystem":false,"isOwn":false,"isTest":false,"isJavaContent":false},{"kind":"binary","path":"C:\\Users\\topiait\\.m2\\repository\\org\\springframework\\spring-webmvc\\3.1.1.RELEASE\\spring-webmvc-3.1.1.RELEASE.jar","sourceContainerUrl":"file:/C:/Users/topiait/.m2/repository/org/springframework/spring-webmvc/3.1.1.RELEASE/spring-webmvc-3.1.1.RELEASE-sources.jar","isSystem":false,"isOwn":false,"isTest":false,"isJavaContent":false},{"kind":"binary","path":"C:\\Users\\topiait\\.m2\\repository\\org\\springframework\\spring-context-support\\3.1.1.RELEASE\\spring-context-support-3.1.1.RELEASE.jar","sourceContainerUrl":"file:/C:/Users/topiait/.m2/repository/org/springframework/spring-context-support/3.1.1.RELEASE/spring-context-support-3.1.1.RELEASE-sources.jar","isSystem":false,"isOwn":false,"isTest":false,"isJavaContent":false},{"kind":"binary","path":"C:\\Users\\topiait\\.m2\\repository\\org\\springframework\\spring-web\\3.1.1.RELEASE\\spring-web-3.1.1.RELEASE.jar","sourceContainerUrl":"file:/C:/Users/topiait/.m2/repository/org/springframework/spring-web/3.1.1.RELEASE/spring-web-3.1.1.RELEASE-sources.jar","isSystem":false,"isOwn":false,"isTest":false,"isJavaContent":false},{"kind":"binary","path":"C:\\Users\\topiait\\.m2\\repository\\org\\projectlombok\\lombok\\1.18.6\\lombok-1.18.6.jar","sourceContainerUrl":"file:/C:/Users/topiait/.m2/repository/org/projectlombok/lombok/1.18.6/lombok-1.18.6-sources.jar","javadocContainerUrl":"file:/C:/Users/topiait/.m2/repository/org/projectlombok/lombok/1.18.6/lombok-1.18.6-javadoc.jar","isSystem":false,"isOwn":false,"isTest":false,"isJavaContent":false},{"kind":"binary","path":"C:\\Users\\topiait\\.m2\\repository\\org\\aspectj\\aspectjrt\\1.6.10\\aspectjrt-1.6.10.jar","sourceContainerUrl":"file:/C:/Users/topiait/.m2/repository/org/aspectj/aspectjrt/1.6.10/aspectjrt-1.6.10-sources.jar","javadocContainerUrl":"file:/C:/Users/topiait/.m2/repository/org/aspectj/aspectjrt/1.6.10/aspectjrt-1.6.10-javadoc.jar","isSystem":false,"isOwn":false,"isTest":false,"isJavaContent":false},{"kind":"binary","path":"C:\\Users\\topiait\\.m2\\repository\\org\\slf4j\\slf4j-api\\1.6.6\\slf4j-api-1.6.6.jar","sourceContainerUrl":"file:/C:/Users/topiait/.m2/repository/org/slf4j/slf4j-api/1.6.6/slf4j-api-1.6.6-sources.jar","javadocContainerUrl":"file:/C:/Users/topiait/.m2/repository/org/slf4j/slf4j-api/1.6.6/slf4j-api-1.6.6-javadoc.jar","isSystem":false,"isOwn":false,"isTest":false,"isJavaContent":false},{"kind":"binary","path":"C:\\Users\\topiait\\.m2\\repository\\org\\slf4j\\jcl-over-slf4j\\1.6.6\\jcl-over-slf4j-1.6.6.jar","sourceContainerUrl":"file:/C:/Users/topiait/.m2/repository/org/slf4j/jcl-over-slf4j/1.6.6/jcl-over-slf4j-1.6.6-sources.jar","javadocContainerUrl":"file:/C:/Users/topiait/.m2/repository/org/slf4j/jcl-over-slf4j/1.6.6/jcl-over-slf4j-1.6.6-javadoc.jar","isSystem":false,"isOwn":false,"isTest":false,"isJavaContent":false},{"kind":"binary","path":"C:\\Users\\topiait\\.m2\\repository\\ch\\qos\\logback\\logback-classic\\1.2.3\\logback-classic-1.2.3.jar","sourceContainerUrl":"file:/C:/Users/topiait/.m2/repository/ch/qos/logback/logback-classic/1.2.3/logback-classic-1.2.3-sources.jar","javadocContainerUrl":"file:/C:/Users/topiait/.m2/repository/ch/qos/logback/logback-classic/1.2.3/logback-classic-1.2.3-javadoc.jar","isSystem":false,"isOwn":false,"isTest":false,"isJavaContent":false},{"kind":"binary","path":"C:\\Users\\topiait\\.m2\\repository\\ch\\qos\\logback\\logback-core\\1.2.3\\logback-core-1.2.3.jar","sourceContainerUrl":"file:/C:/Users/topiait/.m2/repository/ch/qos/logback/logback-core/1.2.3/logback-core-1.2.3-sources.jar","javadocContainerUrl":"file:/C:/Users/topiait/.m2/repository/ch/qos/logback/logback-core/1.2.3/logback-core-1.2.3-javadoc.jar","isSystem":false,"isOwn":false,"isTest":false,"isJavaContent":false},{"kind":"binary","path":"C:\\Users\\topiait\\.m2\\repository\\org\\lazyluke\\log4jdbc-remix\\0.2.7\\log4jdbc-remix-0.2.7.jar","sourceContainerUrl":"file:/C:/Users/topiait/.m2/repository/org/lazyluke/log4jdbc-remix/0.2.7/log4jdbc-remix-0.2.7-sources.jar","javadocContainerUrl":"file:/C:/Users/topiait/.m2/repository/org/lazyluke/log4jdbc-remix/0.2.7/log4jdbc-remix-0.2.7-javadoc.jar","isSystem":false,"isOwn":false,"isTest":false,"isJavaContent":false},{"kind":"binary","path":"C:\\Users\\topiait\\.m2\\repository\\log4j\\log4j\\1.2.15\\log4j-1.2.15.jar","sourceContainerUrl":"file:/C:/Users/topiait/.m2/repository/log4j/log4j/1.2.15/log4j-1.2.15-sources.jar","isSystem":false,"isOwn":false,"isTest":false,"isJavaContent":false},{"kind":"binary","path":"C:\\Users\\topiait\\.m2\\repository\\javax\\inject\\javax.inject\\1\\javax.inject-1.jar","sourceContainerUrl":"file:/C:/Users/topiait/.m2/repository/javax/inject/javax.inject/1/javax.inject-1-sources.jar","javadocContainerUrl":"file:/C:/Users/topiait/.m2/repository/javax/inject/javax.inject/1/javax.inject-1-javadoc.jar","isSystem":false,"isOwn":false,"isTest":false,"isJavaContent":false},{"kind":"binary","path":"C:\\Users\\topiait\\.m2\\repository\\javax\\servlet\\servlet-api\\2.5\\servlet-api-2.5.jar","sourceContainerUrl":"file:/C:/Users/topiait/.m2/repository/javax/servlet/servlet-api/2.5/servlet-api-2.5-sources.jar","isSystem":false,"isOwn":false,"isTest":false,"isJavaContent":false},{"kind":"binary","path":"C:\\Users\\topiait\\.m2\\repository\\javax\\servlet\\jsp\\jsp-api\\2.1\\jsp-api-2.1.jar","sourceContainerUrl":"file:/C:/Users/topiait/.m2/repository/javax/servlet/jsp/jsp-api/2.1/jsp-api-2.1-sources.jar","isSystem":false,"isOwn":false,"isTest":false,"isJavaContent":false},{"kind":"binary","path":"C:\\Users\\topiait\\.m2\\repository\\javax\\servlet\\jstl\\1.2\\jstl-1.2.jar","sourceContainerUrl":"file:/C:/Users/topiait/.m2/repository/javax/servlet/jstl/1.2/jstl-1.2-sources.jar","isSystem":false,"isOwn":false,"isTest":false,"isJavaContent":false},{"kind":"binary","path":"C:\\Users\\topiait\\.m2\\repository\\junit\\junit\\4.12\\junit-4.12.jar","sourceContainerUrl":"file:/C:/Users/topiait/.m2/repository/junit/junit/4.12/junit-4.12-sources.jar","javadocContainerUrl":"file:/C:/Users/topiait/.m2/repository/junit/junit/4.12/junit-4.12-javadoc.jar","isSystem":false,"isOwn":false,"isTest":false,"isJavaContent":false},{"kind":"binary","path":"C:\\Users\\topiait\\.m2\\repository\\org\\hamcrest\\hamcrest-core\\1.3\\hamcrest-core-1.3.jar","sourceContainerUrl":"file:/C:/Users/topiait/.m2/repository/org/hamcrest/hamcrest-core/1.3/hamcrest-core-1.3-sources.jar","javadocContainerUrl":"file:/C:/Users/topiait/.m2/repository/org/hamcrest/hamcrest-core/1.3/hamcrest-core-1.3-javadoc.jar","isSystem":false,"isOwn":false,"isTest":false,"isJavaContent":false},{"kind":"binary","path":"C:\\Users\\topiait\\.m2\\repository\\org\\mybatis\\mybatis\\3.4.1\\mybatis-3.4.1.jar","sourceContainerUrl":"file:/C:/Users/topiait/.m2/repository/org/mybatis/mybatis/3.4.1/mybatis-3.4.1-sources.jar","javadocContainerUrl":"file:/C:/Users/topiait/.m2/repository/org/mybatis/mybatis/3.4.1/mybatis-3.4.1-javadoc.jar","isSystem":false,"isOwn":false,"isTest":false,"isJavaContent":false},{"kind":"binary","path":"C:\\Users\\topiait\\.m2\\repository\\org\\mybatis\\mybatis-spring\\1.3.0\\mybatis-spring-1.3.0.jar","sourceContainerUrl":"file:/C:/Users/topiait/.m2/repository/org/mybatis/mybatis-spring/1.3.0/mybatis-spring-1.3.0-sources.jar","javadocContainerUrl":"file:/C:/Users/topiait/.m2/repository/org/mybatis/mybatis-spring/1.3.0/mybatis-spring-1.3.0-javadoc.jar","isSystem":false,"isOwn":false,"isTest":false,"isJavaContent":false},{"kind":"binary","path":"C:\\Users\\topiait\\.m2\\repository\\org\\springframework\\spring-jdbc\\3.1.1.RELEASE\\spring-jdbc-3.1.1.RELEASE.jar","sourceContainerUrl":"file:/C:/Users/topiait/.m2/repository/org/springframework/spring-jdbc/3.1.1.RELEASE/spring-jdbc-3.1.1.RELEASE-sources.jar","isSystem":false,"isOwn":false,"isTest":false,"isJavaContent":false},{"kind":"binary","path":"C:\\Users\\topiait\\.m2\\repository\\org\\springframework\\spring-tx\\3.1.1.RELEASE\\spring-tx-3.1.1.RELEASE.jar","sourceContainerUrl":"file:/C:/Users/topiait/.m2/repository/org/springframework/spring-tx/3.1.1.RELEASE/spring-tx-3.1.1.RELEASE-sources.jar","isSystem":false,"isOwn":false,"isTest":false,"isJavaContent":false},{"kind":"binary","path":"C:\\Users\\topiait\\.m2\\repository\\org\\springframework\\spring-test\\3.1.1.RELEASE\\spring-test-3.1.1.RELEASE.jar","sourceContainerUrl":"file:/C:/Users/topiait/.m2/repository/org/springframework/spring-test/3.1.1.RELEASE/spring-test-3.1.1.RELEASE-sources.jar","isSystem":false,"isOwn":false,"isTest":false,"isJavaContent":false},{"kind":"binary","path":"C:\\Users\\topiait\\.m2\\repository\\org\\codehaus\\jackson\\jackson-mapper-asl\\1.9.13\\jackson-mapper-asl-1.9.13.jar","sourceContainerUrl":"file:/C:/Users/topiait/.m2/repository/org/codehaus/jackson/jackson-mapper-asl/1.9.13/jackson-mapper-asl-1.9.13-sources.jar","javadocContainerUrl":"file:/C:/Users/topiait/.m2/repository/org/codehaus/jackson/jackson-mapper-asl/1.9.13/jackson-mapper-asl-1.9.13-javadoc.jar","isSystem":false,"isOwn":false,"isTest":false,"isJavaContent":false},{"kind":"binary","path":"C:\\Users\\topiait\\.m2\\repository\\org\\codehaus\\jackson\\jackson-core-asl\\1.9.13\\jackson-core-asl-1.9.13.jar","sourceContainerUrl":"file:/C:/Users/topiait/.m2/repository/org/codehaus/jackson/jackson-core-asl/1.9.13/jackson-core-asl-1.9.13-sources.jar","javadocContainerUrl":"file:/C:/Users/topiait/.m2/repository/org/codehaus/jackson/jackson-core-asl/1.9.13/jackson-core-asl-1.9.13-javadoc.jar","isSystem":false,"isOwn":false,"isTest":false,"isJavaContent":false},{"kind":"binary","path":"C:\\Users\\topiait\\.m2\\repository\\net\\sf\\json-lib\\json-lib\\2.4\\json-lib-2.4-jdk13.jar","isSystem":false,"isOwn":false,"isTest":false,"isJavaContent":false},{"kind":"binary","path":"C:\\Users\\topiait\\.m2\\repository\\commons-beanutils\\commons-beanutils\\1.8.0\\commons-beanutils-1.8.0.jar","sourceContainerUrl":"file:/C:/Users/topiait/.m2/repository/commons-beanutils/commons-beanutils/1.8.0/commons-beanutils-1.8.0-sources.jar","javadocContainerUrl":"file:/C:/Users/topiait/.m2/repository/commons-beanutils/commons-beanutils/1.8.0/commons-beanutils-1.8.0-javadoc.jar","isSystem":false,"isOwn":false,"isTest":false,"isJavaContent":false},{"kind":"binary","path":"C:\\Users\\topiait\\.m2\\repository\\commons-collections\\commons-collections\\3.2.1\\commons-collections-3.2.1.jar","sourceContainerUrl":"file:/C:/Users/topiait/.m2/repository/commons-collections/commons-collections/3.2.1/commons-collections-3.2.1-sources.jar","javadocContainerUrl":"file:/C:/Users/topiait/.m2/repository/commons-collections/commons-collections/3.2.1/commons-collections-3.2.1-javadoc.jar","isSystem":false,"isOwn":false,"isTest":false,"isJavaContent":false},{"kind":"binary","path":"C:\\Users\\topiait\\.m2\\repository\\commons-lang\\commons-lang\\2.5\\commons-lang-2.5.jar","sourceContainerUrl":"file:/C:/Users/topiait/.m2/repository/commons-lang/commons-lang/2.5/commons-lang-2.5-sources.jar","javadocContainerUrl":"file:/C:/Users/topiait/.m2/repository/commons-lang/commons-lang/2.5/commons-lang-2.5-javadoc.jar","isSystem":false,"isOwn":false,"isTest":false,"isJavaContent":false},{"kind":"binary","path":"C:\\Users\\topiait\\.m2\\repository\\commons-logging\\commons-logging\\1.1.1\\commons-logging-1.1.1.jar","sourceContainerUrl":"file:/C:/Users/topiait/.m2/repository/commons-logging/commons-logging/1.1.1/commons-logging-1.1.1-sources.jar","javadocContainerUrl":"file:/C:/Users/topiait/.m2/repository/commons-logging/commons-logging/1.1.1/commons-logging-1.1.1-javadoc.jar","isSystem":false,"isOwn":false,"isTest":false,"isJavaContent":false},{"kind":"binary","path":"C:\\Users\\topiait\\.m2\\repository\\net\\sf\\ezmorph\\ezmorph\\1.0.6\\ezmorph-1.0.6.jar","sourceContainerUrl":"file:/C:/Users/topiait/.m2/repository/net/sf/ezmorph/ezmorph/1.0.6/ezmorph-1.0.6-sources.jar","javadocContainerUrl":"file:/C:/Users/topiait/.m2/repository/net/sf/ezmorph/ezmorph/1.0.6/ezmorph-1.0.6-javadoc.jar","isSystem":false,"isOwn":false,"isTest":false,"isJavaContent":false},{"kind":"binary","path":"C:\\Users\\topiait\\.m2\\repository\\net\\sf\\json-lib\\json-lib\\2.4\\json-lib-2.4-jdk15.jar","isSystem":false,"isOwn":false,"isTest":false,"isJavaContent":false},{"kind":"binary","path":"C:\\Users\\topiait\\.m2\\repository\\com\\googlecode\\json-simple\\json-simple\\1.1\\json-simple-1.1.jar","sourceContainerUrl":"file:/C:/Users/topiait/.m2/repository/com/googlecode/json-simple/json-simple/1.1/json-simple-1.1-sources.jar","isSystem":false,"isOwn":false,"isTest":false,"isJavaContent":false},{"kind":"binary","path":"C:\\Users\\topiait\\.m2\\repository\\com\\fasterxml\\jackson\\core\\jackson-core\\2.9.8\\jackson-core-2.9.8.jar","sourceContainerUrl":"file:/C:/Users/topiait/.m2/repository/com/fasterxml/jackson/core/jackson-core/2.9.8/jackson-core-2.9.8-sources.jar","javadocContainerUrl":"file:/C:/Users/topiait/.m2/repository/com/fasterxml/jackson/core/jackson-core/2.9.8/jackson-core-2.9.8-javadoc.jar","isSystem":false,"isOwn":false,"isTest":false,"isJavaContent":false},{"kind":"binary","path":"C:\\Users\\topiait\\.m2\\repository\\com\\google\\code\\gson\\gson\\2.8.5\\gson-2.8.5.jar","sourceContainerUrl":"file:/C:/Users/topiait/.m2/repository/com/google/code/gson/gson/2.8.5/gson-2.8.5-sources.jar","javadocContainerUrl":"file:/C:/Users/topiait/.m2/repository/com/google/code/gson/gson/2.8.5/gson-2.8.5-javadoc.jar","isSystem":false,"isOwn":false,"isTest":false,"isJavaContent":false},{"kind":"binary","path":"C:\\Users\\topiait\\.m2\\repository\\net\\coobird\\thumbnailator\\0.4.8\\thumbnailator-0.4.8.jar","sourceContainerUrl":"file:/C:/Users/topiait/.m2/repository/net/coobird/thumbnailator/0.4.8/thumbnailator-0.4.8-sources.jar","javadocContainerUrl":"file:/C:/Users/topiait/.m2/repository/net/coobird/thumbnailator/0.4.8/thumbnailator-0.4.8-javadoc.jar","isSystem":false,"isOwn":false,"isTest":false,"isJavaContent":false},{"kind":"source","path":"C:\\Users\\topiait\\eclipse-workspace\\practice\\src\\main\\java","outputFolder":"C:\\Users\\topiait\\eclipse-workspace\\practice\\target\\classes","javadocContainerUrl":"file:/C:/Users/topiait/eclipse-workspace/practice/target/site/apidocs","isSystem":false,"isOwn":true,"isTest":false,"isJavaContent":true},{"kind":"source","path":"C:\\Users\\topiait\\eclipse-workspace\\practice\\src\\test\\java","outputFolder":"C:\\Users\\topiait\\eclipse-workspace\\practice\\target\\test-classes","javadocContainerUrl":"file:/C:/Users/topiait/eclipse-workspace/practice/target/site/apidocs","isSystem":false,"isOwn":true,"isTest":true,"isJavaContent":true},{"kind":"source","path":"C:\\Users\\topiait\\eclipse-workspace\\practice\\src\\main\\resources","outputFolder":"C:\\Users\\topiait\\eclipse-workspace\\practice\\target\\classes","isSystem":false,"isOwn":true,"isTest":false,"isJavaContent":false},{"kind":"source","path":"C:\\Users\\topiait\\eclipse-workspace\\practice\\src\\test\\resources","outputFolder":"C:\\Users\\topiait\\eclipse-workspace\\practice\\target\\test-classes","isSystem":false,"isOwn":true,"isTest":true,"isJavaContent":false},{"kind":"source","path":"C:\\Users\\topiait\\eclipse-workspace\\practice\\src\\test\\java","outputFolder":"C:\\Users\\topiait\\eclipse-workspace\\practice\\target\\test-classes","javadocContainerUrl":"file:/C:/Users/topiait/eclipse-workspace/practice/target/site/apidocs","isSystem":false,"isOwn":true,"isTest":false,"isJavaContent":false}]}